1,Dicky,Swanson,364-152-6083
2,Verina,Tye,617-634-4765
3,Junina,Robichon,814-962-9891
4,Emalia,Ruppelin,324-628-2270
5,Ashil,Booth,314-622-8388
6,Shaw,Bramstom,683-612-7517
7,Shelly,Gurwood,829-861-3406
8,Dicky,Calafate,756-615-7100
9,Jim,Leebeter,827-650-3866
10,Hadleigh,Renner,771-677-2417
11,Salvatore,Ferrarin,312-352-5451
12,Tiler,Scarlet,540-339-6058
13,Othelia,Tripean,722-884-0702
14,Bradford,Winning,820-823-1556
15,Cami,Clausen,558-902-5461
16,Joline,Sollom,739-448-6351
17,Benni,Sandison,601-700-3835
18,Josiah,Gaymar,721-557-3813
19,Martha,MacGaughy,731-876-7232
20,Myrna,Faulder,316-967-8870
21,Dacy,Alltimes,228-488-4913
22,Glad,Romi,854-887-4818
23,Tawsha,Dragonette,609-536-4974
24,Jameson,Ramirez,634-183-4841
25,Xenia,Caroll,336-643-4312
26,Goldarina,Cremins,450-827-4176
27,Felita,Bird,989-628-9891
28,Hetti,Danbrook,706-534-1138
29,Jeanie,Teliga,287-462-2852
30,Vladamir,MacAllen,651-747-0552
31,Ellie,Dorant,218-299-9612
32,Joeann,Buckhurst,283-882-8046
33,Gilbert,Newbery,204-479-2740
34,Abdul,Bassett,117-878-0430
35,Rosamond,Patrie,289-256-2999
36,Weston,Stein,297-518-8049
37,Leonora,Santello,259-234-5012
38,Sebastien,Freeberne,547-476-0462
39,Rosene,Ricard,396-844-0073
40,Constantine,Peeter,992-471-5958
41,Worthy,Kilminster,726-473-9930
42,Rowena,Girkin,150-752-5648
43,Matty,Mc Kellen,510-119-1310
44,Thorin,Skacel,397-878-8631
45,Jamaal,Pennoni,653-260-4622
46,Hussein,Aughton,352-546-2675
47,Mord,Salan,754-169-3859
48,Maddie,Grzegorzewicz,420-365-4903
49,Frazier,Blunden,356-466-5913
50,Jeannine,Beveredge,214-506-6257
51,Fenelia,Gotcher,330-415-4911
52,Jeralee,Raatz,306-679-1482
53,Lucia,Gounet,238-429-3677
54,Grayce,Beckenham,959-649-6994
55,Lucius,Spraging,542-265-8127
56,Yule,Cerie,387-484-4796
57,Reyna,Normanell,816-838-5215
58,Guntar,Claydon,167-113-2494
59,Loree,Corbally,890-637-5330
60,Gertrud,Durek,168-345-7185
61,Erina,Gull,757-801-8902
62,Sylvia,Trinke,134-457-0674
63,Peggi,Randleson,217-419-9430
64,Yehudit,Binfield,667-714-2037
65,Harbert,Pechan,407-640-4404
66,Jammie,Mathissen,950-167-5394
67,Ray,Woollends,437-645-8269
68,Brier,Marzella,232-837-5551
69,Cullin,Snooks,771-384-5504
70,Kincaid,Wilbor,295-804-6105
71,Irene,Hamper,916-764-3421
72,Mallory,Ames,964-693-3820
73,Augy,Ruger,741-506-7279
74,Stan,Besset,653-135-7421
75,Daloris,Ackermann,433-460-2361
76,Ashley,Lopez,903-833-1751
77,Tanney,Buckhurst,400-718-9175
78,Ansel,Hitschke,467-804-0279
79,Sybyl,Kennally,634-648-8775
80,Charleen,Slocket,424-415-2996
81,Lorant,de Keyser,684-212-4692
82,Dorolisa,Echallie,432-332-8488
83,Maryjo,Mucillo,239-730-2528
84,Giorgi,Richmond,217-286-6566
85,Grata,Rawsthorn,301-298-0532
86,Helsa,Hiseman,684-281-0143
87,Eulalie,Halms,321-826-2522
88,Maggi,Adran,434-225-7263
89,Aggy,Gibson,772-385-2788
90,Alleyn,Dullaghan,116-836-0196
91,Ferdinande,Mapplebeck,432-524-8283
92,Cesare,MacCracken,392-957-5948
93,Rory,Obern,697-644-6788
94,Datha,Shory,505-799-4566
95,Carolyne,Lackemann,905-734-6956
96,Cynthia,Schurcke,327-844-0400
97,Brit,Tointon,670-777-1225
98,Merell,Moorhouse,268-927-1032
99,Tabatha,Cumpsty,967-765-4006
100,Devonne,Roskelley,761-117-4726
101,Monti,Chittey,719-929-8394
102,Daffi,Clawe,703-226-2078
103,Elenore,Laviste,744-609-7739
104,Delmer,Ringsell,594-498-5253
105,Helene,Pendell,664-626-6513
106,Lorain,Dumberell,666-794-7608
107,Tyne,Hultberg,174-859-9884
108,Mathias,Lacase,491-722-8502
109,Yolanda,Natwick,856-264-6258
110,Maxwell,Cleever,384-121-0449
111,Shaylynn,Triswell,698-477-6242
112,Hali,Bethune,585-996-5465
113,Mora,Gadaud,423-522-1364
114,Valma,Brosi,201-202-3257
115,Zorine,Brackstone,513-539-7578
116,Malynda,Koenraad,591-791-4834
117,Carleton,Beauchamp,157-541-6672
118,Wolfgang,Lamblin,362-989-2440
119,Tamra,Meak,601-441-6016
120,Benjie,Llywarch,570-801-6260
121,Eleanora,Stayt,351-230-6862
122,Dinnie,MacDiarmid,209-602-3182
123,Minnaminnie,Glidden,511-550-7954
124,Pammie,Keir,406-814-3918
125,Casey,Liveley,677-190-8933
126,Haily,Cromwell,886-332-2024
127,Raynard,Frearson,622-168-6624
128,Silva,Beagin,961-289-0284
129,Buddie,Willshee,394-798-3777
130,Jeanna,Garie,242-610-0559
131,Marv,Wyett,906-745-5045
132,Luigi,Luthwood,495-863-6895
133,Suzann,Proffitt,449-220-9330
134,Albertine,Rittmeier,732-878-9702
135,Petunia,Lambe,719-397-0370
136,Scotty,Dougherty,134-952-8130
137,Candi,Boxe,413-925-3861
138,Maynord,Hedingham,922-745-7685
139,Valentine,Glasspool,176-589-0432
140,Kingston,Guenther,435-869-1779
141,Elihu,Goutcher,378-610-5459
142,Brandise,Thebe,762-253-7615
143,Carma,Scrimgeour,801-388-9337
144,Penrod,Every,655-460-3222
145,Kate,Zottoli,404-766-4099
146,Nannette,Haveline,642-959-0543
147,Ronica,Kearley,427-645-0368
148,Wynn,Ege,616-607-9057
149,Orelie,Doe,170-148-5516
150,Garik,Wormstone,905-409-2589
151,Nydia,Sadd,742-327-1094
152,Amandi,Scrinage,757-808-0881
153,Roberta,Hanaford,138-636-5836
154,Genovera,Blankley,609-861-3926
155,Shawn,Clewett,574-326-8388
156,Tammy,Brownlow,638-599-1962
157,Lenka,Riccardo,574-178-2272
158,Darrick,Le Brum,460-789-3106
159,Francisca,Colombier,770-121-7198
160,Carol-jean,Kearley,736-133-5066
161,Bamby,Simka,569-587-9578
162,Trstram,Given,550-585-8690
163,Rosanna,MacBrearty,988-345-7200
164,Cirillo,Caney,936-382-5985
165,Cobby,Pawden,868-455-0935
166,Lawrence,Glassman,831-351-4229
167,Clement,Skidmore,749-866-3431
168,Roanne,Smaling,393-838-8941
169,Geno,Ruberti,663-375-6215
170,Cary,Thaller,167-324-9880
171,Tamera,Kelloch,213-521-0667
172,Tobit,Krysiak,883-246-2862
173,Zedekiah,Astman,231-458-2234
174,Wilfred,Roskilly,159-157-4546
175,Charin,McDonagh,680-983-7027
176,Mavra,Farress,405-395-2160
177,Sallyanne,Millard,331-142-8956
178,Werner,Pepperell,602-156-6798
179,Cari,Eliasson,418-392-7791
180,Gearalt,Ferrarello,319-297-1933
181,Nerte,Adiscot,172-769-1109
182,Ingelbert,Panner,776-204-3166
183,Orly,Rooms,619-125-5435
184,Warren,Serris,241-365-0088
185,Domenic,Mayward,214-864-2921
186,Jarid,Bowley,290-851-7537
187,Tonnie,Carnock,663-727-1326
188,Florian,Gwilym,297-510-7600
189,Sheeree,Burcombe,109-611-7938
190,Bryna,Roggeman,566-981-5721
191,Gannon,MacNeilley,614-808-0429
192,Raddy,Westcott,840-349-7703
193,Mirna,Stonner,883-279-4748
194,Roman,Rosen,441-751-0635
195,Binky,Anyon,973-478-5556
196,Seymour,Magnus,934-109-6270
197,Ronna,Frenzl,132-801-8427
198,Hebert,Hickeringill,927-870-4421
199,Gawen,Dodding,885-767-0433
200,Anna-diane,Bleakley,116-427-7998
201,Orville,Skyrm,976-803-4972
202,Lew,Izzett,224-732-2488
203,Sonnie,Enga,402-971-7318
204,Arabela,Hadden,543-548-2676
205,Warren,Twaite,723-282-2845
206,Levi,Jamot,346-471-9854
207,Addie,Dyos,681-321-8351
208,Moselle,Charlon,454-334-7122
209,Rachelle,Haylor,959-975-3782
210,Dallas,Codlin,857-364-0600
211,Lennard,Edgworth,795-303-6972
212,Viv,Bromige,606-684-2831
213,Gordon,Elliston,277-375-9148
214,Perri,Goodlet,506-134-9890
215,Brendon,Laviss,261-919-9384
216,Crichton,Pougher,839-837-0809
217,Zacharias,Elmar,671-654-4022
218,Pris,Faivre,231-492-5620
219,Mareah,Henrion,297-317-8011
220,Trescha,Niven,420-534-0290
221,Marjorie,Woodyatt,466-980-0901
222,Emylee,Petruska,777-616-0773
223,Portia,Grindle,332-812-2514
224,Diena,Hearl,853-481-5666
225,Bailie,Dutton,804-756-7227
226,Elana,Billo,399-266-3646
227,Marquita,Aldous,356-997-3035
228,Jody,Andrioni,947-961-4103
229,Tulley,Burgoyne,781-499-9922
230,Bondy,Fosserd,358-118-7239
231,Gregorio,Collcutt,316-224-9964
232,Sydelle,Scad,337-967-9631
233,Marline,Cotillard,571-817-0067
234,Shelba,Carlesi,622-856-4148
235,Aldwin,Achurch,556-531-5125
236,Eveleen,Larret,779-246-7882
237,Ruthie,MacLleese,291-845-2360
238,Patricio,Andras,129-733-3839
239,Cello,Knapman,560-672-3900
240,Arleta,Whorlton,942-150-9567
241,Elenore,Schade,402-466-1410
242,Daniele,Trotman,671-234-0742
243,Conan,Sawforde,668-747-9548
244,Cointon,Cribbott,981-809-9483
245,Tandy,Elves,612-337-9648
246,Angelia,Tebb,171-846-4666
247,Manda,MacDearmid,770-865-7134
248,Gery,Macveigh,454-714-0632
249,Georas,Jebb,895-245-7482
250,Harmon,Riggey,516-669-3952
251,Glori,Ciubutaro,607-578-8098
252,Josias,Cherry Holme,686-729-7273
253,Darryl,Hutchcraft,448-504-3096
254,Reinhold,Esome,592-185-1854
255,Ginger,Groves,381-690-1170
256,Birch,D'Aulby,483-805-7378
257,Garvey,Tubridy,251-869-4359
258,Tremain,Rainville,364-252-3575
259,Hermione,Brookson,434-847-7280
260,Debra,Domerque,440-651-8289
261,Karina,Moreno,328-154-1164
262,Cornall,Allenson,772-431-8088
263,Ezmeralda,Lilleman,324-243-2082
264,Lilas,Hennemann,756-503-3128
265,Janeta,Snyder,287-666-9875
266,Bonny,Vawton,876-989-2420
267,Gannon,Lakin,830-627-0415
268,Mella,Duncanson,626-462-5806
269,Flynn,Astlet,158-110-1949
270,Griswold,Lipson,383-471-9420
271,Ernestine,Oles,708-792-6282
272,Georgiana,Kubacek,894-885-3066
273,Rica,Cuff,171-245-6428
274,Jessamyn,Chinnock,145-358-8904
275,Em,Brunnstein,958-169-5944
276,Rachael,Cottrill,666-304-8187
277,Diena,Neggrini,911-695-6828
278,Lionello,Dethloff,302-519-8287
279,Anya,Danslow,612-135-2014
280,Shelli,Armatage,188-976-5909
281,Bronny,Surplice,366-769-1377
282,Janeva,Simcoe,306-776-0565
283,Vinnie,Hannaway,509-393-8852
284,Loella,Saph,776-672-9988
285,Grace,Gaylord,696-571-6749
286,Janna,Doers,403-343-7429
287,Coral,O'Fairy,439-453-3875
288,Rodd,Davitt,343-350-2827
289,Claresta,Soal,345-125-9554
290,Derry,Robeson,199-254-3091
291,Zaccaria,Eldrett,469-217-9416
292,Darb,Osburn,863-535-4094
293,Harmony,Holdin,498-236-7548
294,Everett,Degoey,307-953-6024
295,Marcy,Bartalin,155-419-9621
296,Fernando,Billsberry,316-751-5283
297,Colan,Dawson,243-623-8375
298,Ardene,Duckers,598-233-4727
299,Barde,Blabey,505-698-1186
300,Shirleen,Screech,108-957-0612
301,Hughie,Cafferky,906-779-0754
302,Ailyn,Risbridge,708-453-1288
303,Noll,Tupp,770-771-4622
304,Jerrilyn,Comport,728-116-9655
305,Barris,Bestar,643-199-3064
306,Rowland,Drable,238-698-4434
307,Vin,Boutton,545-611-4026
308,Dynah,Oris,429-607-5630
309,Meryl,Kopfen,321-784-9817
310,Germaine,Georgeou,540-519-9422
311,Hedvig,Kneafsey,600-878-7107
312,Dorri,Heiss,886-898-7135
313,Maje,Trent,485-766-2250
314,Tarra,Venus,692-553-6939
315,Kaile,Clyburn,454-466-4361
316,Cordey,Woolard,234-402-8620
317,Georgetta,Rooms,579-432-6675
318,Lancelot,Bodimeade,790-162-2928
319,Cloe,Bardwall,101-530-6320
320,Elihu,Bartaletti,182-569-3135
321,Auroora,Bowbrick,338-331-0856
322,Mahmud,Kobpal,135-303-1166
323,Hephzibah,Mara,171-439-7117
324,Paloma,Richten,368-590-3732
325,Minette,Jenyns,685-754-3856
326,Lois,Carbett,251-971-6754
327,Nick,Chesworth,224-154-9613
328,Tracy,Woliter,853-763-4195
329,Bekki,Stepney,263-944-3843
330,Ofella,Faccini,293-421-0439
331,Andros,McCloud,419-727-8914
332,Sholom,Accomb,725-388-3414
333,Herbert,Georgeson,144-270-4296
334,Byrann,Dilloway,411-299-6881
335,Jacquelynn,Beneix,588-730-2565
336,Madelyn,Lintill,222-300-7499
337,Raimondo,Filyushkin,826-170-2205
338,Baily,Donson,604-796-1943
339,Valentina,Ricca,513-509-8161
340,Orelle,Bonnaire,972-397-9636
341,Kirsten,Klimpt,229-619-6592
342,Diane-marie,McLukie,283-256-0779
343,Dolly,Hayers,873-938-6869
344,Maddalena,Grimsdith,210-447-3609
345,Griselda,Blacklawe,511-927-3897
346,Moll,Giacovetti,964-463-3911
347,Ky,Doughtery,148-369-2509
348,Donnie,Crispin,341-428-3068
349,Margette,Blount,734-813-8136
350,Saw,Piper,310-230-8627
351,Dyane,Bartali,757-693-9919
352,Sim,Grube,580-122-4584
353,Ossie,McGrath,281-356-1336
354,Rossy,Runcieman,186-290-3846
355,Talya,Brydson,104-463-1950
356,Joye,Whatford,899-746-6346
357,Marigold,Aveson,856-901-6243
358,Ewell,Moraleda,593-448-6488
359,Linell,Monni,746-593-9466
360,Trixi,Caseley,168-667-7778
361,Murry,Vasentsov,870-408-3984
362,Mariana,McKeefry,955-741-5535
363,Margarete,Ledster,889-689-4866
364,Hildagard,Sharer,682-738-2883
365,Lori,Whooley,374-394-1742
366,Ernst,Devlin,212-381-9599
367,Quillan,Grimoldby,911-119-8563
368,Washington,Tupman,215-739-9854
369,Jefferey,Stevani,672-958-1206
370,Salome,Ballingal,646-178-1432
371,Jaquelyn,Crichton,993-360-4937
372,Franchot,Wikey,815-628-6405
373,Adolphus,Scotland,577-199-6860
374,Donn,Toderini,905-388-2654
375,Electra,Edgerly,356-592-7075
376,Yasmeen,Coytes,202-331-0117
377,Ertha,Coffey,719-211-8885
378,Gaby,Avramow,895-828-6667
379,Brook,McCurlye,805-937-7128
380,Ruddy,Eleshenar,507-991-3827
381,Berky,Hayford,755-110-7052
382,Zelda,Denmead,529-289-1933
383,Trevar,Sloane,945-601-2506
384,Suzie,Galley,987-461-8763
385,Godiva,Squirrell,843-902-7750
386,Justinn,Chattington,169-114-3586
387,Hashim,Clausen,615-392-3982
388,Crystie,Brason,665-837-1931
389,Jordan,Terrill,183-533-2868
390,Aurore,Peat,677-238-8195
391,Timotheus,Blogg,468-425-5602
392,Hephzibah,Wibrew,607-780-0535
393,Gilberta,Dearsley,549-813-1840
394,Joey,Danbury,371-579-9514
395,Patten,Rames,148-181-8836
396,Bradney,Kidsley,377-457-6443
397,Althea,Cochran,721-130-1205
398,Serge,Tommasi,151-548-9521
399,Ericha,Proffitt,771-807-2284
400,Arlette,Guisot,739-834-2208
401,Wain,Lavelle,394-423-0509
402,Mona,Byer,703-118-5599
403,Athene,Andraud,455-422-4207
404,Malena,Boays,838-829-6973
405,Marieann,Odlin,174-304-2227
406,Duffy,Kerby,289-814-1778
407,Bradan,Frick,713-789-1551
408,Paola,MacAlpin,286-120-6361
409,Valida,Schober,129-181-9081
410,Shanan,Chadband,733-943-8279
411,Tabbi,Galley,973-374-9427
412,Karilynn,Sorsby,672-129-6648
413,Goraud,Trolley,215-622-5779
414,Linea,Catherick,460-708-5485
415,Betti,Hawk,116-266-8322
416,Garrik,Baltrushaitis,592-953-2608
417,Rosalynd,MacCardle,507-474-9183
418,Dane,Cabrales,693-240-8074
419,Thatch,Bour,296-796-1689
420,Lula,Corday,700-891-4044
421,Tonya,O'Dyvoy,722-316-6047
422,Jilleen,Sandiland,900-781-7599
423,Patrizius,Saw,956-171-3502
424,Allie,Rooson,970-680-9599
425,Georgina,Rivilis,901-682-9242
426,Anitra,Beatson,135-637-5023
427,Alberto,Castagne,872-317-1131
428,Carole,Cuel,823-624-3918
429,Ambur,Ballantyne,899-756-6744
430,Kelly,Westwick,750-451-4445
431,Cordy,Waltho,401-966-3905
432,Stella,Casetta,883-400-7527
433,Manfred,Megarrell,206-137-0693
434,Angel,Hardwich,840-777-2312
435,Shari,McMurraya,230-261-1644
436,Godart,Halburton,829-900-8405
437,Ted,Talbot,610-939-6897
438,Venita,MacCaghan,153-339-3347
439,Catarina,Mithon,316-869-6328
440,Care,Boullin,898-754-3035
441,Carlin,Prier,334-384-0257
442,Lorena,Davidi,903-214-0528
443,Jordana,Huertas,202-145-8286
444,Garry,Bransgrove,357-763-7850
445,Montgomery,Currom,637-712-2452
446,Doralia,Harnott,944-432-4788
447,Gustie,Wegener,889-369-9865
448,Beaufort,Dewes,440-774-1991
449,Erroll,Mordecai,426-926-7725
450,Esme,Tomaschke,970-665-2564
451,Catharine,Warlawe,371-416-4656
452,Lissie,Threadgall,922-580-3220
453,Dannie,Pelos,858-563-5272
454,Daron,Verson,355-211-8840
455,Stinky,Lyfield,357-223-0054
456,Charo,Nicolson,366-729-2359
457,Ashley,Lydford,915-804-6306
458,Moss,Heys,791-981-5360
459,Ambrose,Leyland,518-117-4111
460,Diannne,Dennehy,293-973-2775
461,Alphonso,Areles,599-117-7653
462,Erie,Govini,770-900-6502
463,Chrystal,Cullinan,178-648-4165
464,Arlan,Hachard,240-385-4271
465,Menard,Heams,589-874-7376
466,Gayle,Clark,698-955-7085
467,Jerad,Burgan,407-153-6724
468,Gaylene,Storah,396-630-8475
469,Addie,Ellerbeck,540-885-7982
470,Cassaundra,Brognot,385-102-1093
471,Melamie,Wiz,321-173-0102
472,Reggi,Gilyott,758-526-5101
473,Aida,Broxap,184-440-2161
474,Myrtice,Schellig,260-958-2595
475,Rosie,Setch,679-440-6953
476,Karlie,Bebbington,717-208-3830
477,Gavra,Bugden,636-714-9334
478,Jen,Andreasen,387-354-6465
479,Vladimir,Jahnig,892-964-7856
480,Fleming,Sibray,780-107-1967
481,Mel,Udey,775-918-7272
482,Eleanor,Eingerfield,794-500-6779
483,Nealson,Gammon,809-178-7115
484,Burch,Greggersen,469-321-2654
485,Cy,Duiged,203-502-3284
486,Birdie,Endrighi,139-901-3943
487,Nissy,Hirtzmann,290-131-7488
488,Lutero,Shaughnessy,282-415-5213
489,Decca,Kirby,503-817-9635
490,Krystal,Starrs,367-412-2412
491,Sydney,Delves,401-244-3503
492,Josselyn,Blader,364-769-2242
493,Delora,Pernell,517-104-2521
494,Wallie,Blaxall,163-615-5151
495,Blondelle,Torrisi,898-266-9117
496,Lindy,Chese,380-653-9504
497,Gates,Hrinishin,434-392-4274
498,Mallissa,McQuillin,748-681-1606
499,Orelee,Blaber,424-515-9673
500,Archie,Venditto,155-262-2591
501,Aharon,Artz,366-710-0771
502,Pall,Spellward,848-497-5230
503,Tildi,Brendel,209-911-6735
504,Kiel,Tartt,410-955-5345
505,Blake,Anetts,369-964-7529
506,Colver,Pionter,752-490-6427
507,Anatole,Gyurko,536-176-9902
508,Nissa,Creany,246-750-9590
509,Pennie,O'Heneghan,248-868-4119
510,Shay,Andreassen,334-397-9057
511,Bail,Teggart,545-855-3537
512,Candace,Whiteland,794-321-9777
513,Halie,Endersby,628-309-7107
514,Adella,Maunder,216-657-1547
515,Anselma,McElane,747-914-9203
516,Maiga,McReynolds,493-767-8329
517,Finn,Kinneally,553-409-8241
518,Dolf,Stucke,351-578-4642
519,Chandra,Bordman,456-625-4121
520,Hilarius,Greaser,327-366-1655
521,Belva,Jennins,325-828-4155
522,Cece,Burd,386-266-9577
523,Aigneis,Suche,328-652-1805
524,Buddie,Munro,825-948-6090
525,Minnnie,Aughtie,823-429-4803
526,Lane,Standley,236-384-9805
527,Kalina,Alsop,885-669-6762
528,Patricio,O' Finan,991-389-9447
529,Lindy,Ibbs,856-710-7355
530,Luisa,Dee,118-375-9762
531,Sheila,Woodley,970-671-9616
532,Tate,Kerrich,713-278-3813
533,Lilly,Beeze,220-967-1743
534,Alvinia,Carratt,896-360-2604
535,Gustie,Gawthorpe,202-928-9459
536,Selina,Comsty,571-848-0201
537,Alyson,Gatman,163-573-5618
538,Brittany,Dunlop,551-773-0370
539,Meredeth,Islep,258-159-6042
540,Vivie,Rowaszkiewicz,958-934-9545
541,Dario,Kenealy,425-823-4573
542,Nichols,Stearne,878-221-2156
543,Meriel,McCuis,305-876-0319
544,Meredith,Bardwell,484-596-9563
545,Vernice,Renshell,991-862-4043
546,Moshe,Prowse,399-529-9352
547,Lillian,Mahy,821-229-5735
548,Katey,Ough,379-412-7223
549,Erda,Adanet,409-165-4182
550,Maxwell,Gaines,357-811-3202
551,Nita,Reidshaw,336-940-2787
552,Ibrahim,Lammerding,757-541-5847
553,Carson,Bernollet,421-548-7182
554,Wainwright,Hinrich,709-163-9823
555,Washington,Khoter,543-603-8928
556,Dennie,Malec,891-699-9344
557,Joya,Stearley,932-451-3532
558,Arlen,Worsfold,454-943-9705
559,Humbert,Straneo,949-190-5475
560,Danya,Harriot,154-801-8804
561,Jolie,Pellamonuten,895-859-3654
562,Filbert,Argrave,314-981-5895
563,Tadio,Elby,895-837-9930
564,Nike,Bushell,947-381-8930
565,Waverley,Houndesome,853-156-8867
566,Griselda,Hugk,933-613-6758
567,Grissel,Witul,926-528-6345
568,Meridith,Canellas,441-863-2395
569,Sidonia,Beat,277-481-2494
570,Laryssa,Scurlock,649-456-3724
571,Patricia,Dalliwatr,522-549-5654
572,Elnore,Hlavecek,969-479-4504
573,Marijn,Rayhill,454-345-8433
574,Emelen,Flockhart,513-512-9317
575,Al,Delafoy,540-469-9875
576,Dian,Baudasso,679-805-2591
577,Albert,Egar,860-450-2851
578,Jacinda,Itzik,686-444-1854
579,Gwenneth,Lyosik,589-670-8054
580,Lucia,Cardenoza,459-148-2180
581,Marlon,Diggin,815-181-8873
582,Charissa,Nevitt,194-413-0666
583,Tammie,Pester,194-213-8166
584,Gussy,Licciardiello,168-985-6786
585,Enrichetta,Burless,612-336-5485
586,Laney,O'Grogane,401-447-0317
587,Rustie,Berardt,194-798-3246
588,Shellie,Bromhead,188-443-8034
589,Alair,Girton,384-849-3330
590,Marilin,Kimmings,874-400-0269
591,Gale,Pude,307-147-2628
592,Rhett,Joskowitz,148-625-9704
593,Farra,Burleton,207-535-5778
594,Monte,Thrustle,563-960-3865
595,Nerissa,O'Sheeryne,270-898-7582
596,Juliet,Drees,959-329-6154
597,Collie,Crielly,305-201-2262
598,Harmonia,Ceresa,339-937-4455
599,Harmon,Sutterfield,638-181-0458
600,Wilmette,Quinlan,411-185-7680
601,Tilly,Kernaghan,668-289-5398
602,Millard,Devereux,305-186-5495
603,Kylie,Danigel,586-835-1818
604,Paul,McGrouther,977-741-5743
605,Saundra,Angell,346-550-9240
606,Hunfredo,Corp,815-875-0953
607,Cam,Odger,849-319-5502
608,Alessandro,Minithorpe,855-590-4354
609,Celine,Challin,335-483-8126
610,Peyter,Sinkings,167-753-6302
611,Johnny,Enoksson,871-993-4146
612,Duncan,Atheis,672-743-2147
613,Artie,Lambe,756-192-0150
614,Ardath,De Bellis,237-492-7798
615,Christean,Hansberry,977-734-1070
616,Tessy,Wetwood,794-927-8728
617,Clevie,Lansbury,538-368-7801
618,Abraham,Booton,227-235-7346
619,Janessa,Scawn,734-320-8415
620,Avigdor,Dinnage,503-793-7847
621,Cathleen,Drewett,223-487-3894
622,Kameko,Leven,904-540-8118
623,Chrissie,Dunsmuir,760-785-5195
624,Pegeen,Capponeer,415-752-9116
625,Melania,Sacchetti,270-929-9269
626,Sharona,Gothliff,666-127-4965
627,Karen,Frankum,472-366-7989
628,Arlie,Tremblett,116-907-4079
629,Dorri,Langlais,828-194-2477
630,Barnabe,Heggs,937-373-9313
631,Philippine,Sessuns,147-494-5465
632,Nikki,Lideard,410-759-4931
633,Wally,Rickis,435-227-1304
634,Raff,Hizir,348-646-3660
635,Lockwood,Rothschild,249-604-1597
636,Deane,Jannings,787-921-4674
637,Katharina,Pownall,267-180-1146
638,Mellicent,Decruse,910-916-8569
639,Lelia,Culleton,564-169-0616
640,Maddi,Eaddy,928-327-1009
641,Candida,Baldocci,502-226-0683
642,Jock,Takis,691-564-1209
643,Amelie,Doubrava,362-105-7429
644,Lorie,Moody,111-708-0665
645,Casi,Jorat,445-306-2192
646,Neely,Mougeot,440-894-0485
647,Dana,Carluccio,800-922-2578
648,Bertie,Hellwich,928-732-1126
649,Aili,Northam,514-793-5353
650,Fletch,Rawlingson,823-589-6896
651,Archy,Kollatsch,746-662-8151
652,Barclay,Godrich,597-714-1250
653,Colman,Mayho,925-564-4021
654,Hilly,MacCauley,154-957-6630
655,Selma,Bruneau,483-734-6922
656,Alejandra,de Clerc,317-959-3428
657,Hillard,Huke,499-568-0575
658,Hilda,Proudlove,573-933-2198
659,Veronike,Lahiff,484-426-4521
660,Davy,Beaves,173-942-9488
661,Carlyn,McNaught,382-912-3441
662,Heinrik,Bonnesen,475-666-7698
663,Darryl,Kelsey,339-168-6467
664,Xaviera,Matfield,242-235-9846
665,Bettye,MacGillivrie,314-698-1625
666,Chandal,Barfitt,776-710-8896
667,Hartley,Rampton,320-498-8305
668,Minerva,Brettell,241-118-7480
669,Burg,Stormonth,188-873-0481
670,Paten,Cromack,572-247-0905
671,Swen,Palfreeman,172-725-0013
672,Diego,Deboo,821-107-4204
673,Quinlan,Ceeley,806-948-4342
674,Helen,Antonutti,159-632-4588
675,Mellisent,Marquand,972-484-1540
676,Nolly,Molineux,312-343-2161
677,Hi,Pomfrett,354-707-1126
678,Jedd,Morsley,830-737-2741
679,Roscoe,Sarfass,676-502-0816
680,Rabbi,Wilkins,939-651-7127
681,Abbie,Cracie,131-848-1064
682,Faina,Shepherd,652-614-0590
683,Jacquette,Jales,420-882-0410
684,Shaylah,Kubecka,184-797-4115
685,Bryon,Erangy,422-806-6614
686,Corinne,Peppard,389-921-8531
687,Quintilla,Cowitz,932-419-3960
688,Mace,Garnam,138-849-2569
689,Caresa,Mary,805-966-7950
690,Cordula,Tong,895-983-9363
691,Neille,McRuvie,759-850-8579
692,Germaine,Schreurs,827-350-0293
693,Ansley,Grishenkov,373-564-5660
694,Adaline,Lewnden,663-109-7208
695,Rurik,Sutherns,110-380-4560
696,Alexandre,Gawn,878-223-5202
697,Fernanda,Flemyng,605-154-8714
698,Dulcinea,Lamlin,652-165-7510
699,Rutherford,Beadel,634-190-7655
700,Chaunce,Molyneaux,634-141-2415
701,Dale,Quigg,835-402-4480
702,Archibald,Boyn,829-697-9132
703,Joaquin,Rogister,110-729-3821
704,Federica,Duchant,499-187-1325
705,Gustavus,Rumbellow,615-298-7925
706,Heddi,Leer,778-479-5588
707,Moishe,Gagen,964-179-0798
708,Garnette,Ingledew,166-435-3878
709,Land,Hallaways,592-547-4429
710,Brynne,Crosham,864-650-1470
711,Morgun,Delouch,201-588-2156
712,Bernardine,Kobera,843-534-1391
713,Karna,Sillett,567-343-6725
714,Taffy,Hamley,495-368-2710
715,Tasha,Stillwell,664-260-8290
716,Con,Chartre,266-248-9303
717,Kare,Coupar,142-949-0727
718,Shepperd,Connow,184-286-0485
719,Ronny,Pyrke,704-251-3780
720,Charmian,Nevett,437-810-0032
721,Kiel,O'Cridigan,409-755-9133
722,Gretal,Lanning,799-371-0776
723,Benjie,Digger,494-435-1213
724,Suki,Slafford,191-613-5115
725,Fleurette,Cluet,935-396-5522
726,Ofella,Westby,770-684-6010
727,Bebe,Hardaway,525-373-4190
728,Shelba,Towner,236-312-7547
729,Jessey,Yeudall,446-653-0199
730,Urbain,Lineham,478-662-4535
731,Marney,Learmount,381-517-4080
732,Helen-elizabeth,Panchen,856-754-5487
733,Reinaldos,Barus,183-480-7130
734,Ruby,Bruinemann,949-964-7173
735,Alexei,Luxford,744-531-3927
736,Shea,Scutcheon,174-612-1414
737,Rod,Sendley,973-300-2776
738,Heddi,Stebbins,429-751-9245
739,Laughton,Lowseley,429-457-1715
740,Homerus,Braiden,606-228-2752
741,Alla,Yanin,382-253-8241
742,Reena,Ferrant,378-135-0474
743,Leelah,Imason,831-680-5809
744,Field,Caldero,270-888-9757
745,Clarice,Radbourn,857-103-6922
746,Panchito,Downer,300-657-8540
747,Dannel,Leavey,498-135-7832
748,Antonina,Dewan,379-441-8462
749,Wolfgang,Rubenfeld,430-554-7376
750,Erminie,Coslitt,460-305-4666
751,Manda,Parysowna,373-758-4228
752,Putnam,Rottery,249-650-4487
753,Glad,Patnelli,456-126-4061
754,Marina,Trayton,165-768-3026
755,Corbin,Le Friec,991-829-4136
756,Huey,Asals,676-527-3330
757,Rosamond,Haccleton,269-179-1732
758,Jack,Privost,949-907-7301
759,Lonna,De Vaan,503-122-8625
760,Paula,Fenlon,679-529-3300
761,Aksel,Bette,469-253-6551
762,Aarika,Kissell,405-484-6802
763,Shell,Beyn,366-415-1795
764,Griffith,Reddell,989-516-5363
765,Sibyl,Bonifacio,676-138-1851
766,Mozes,Korting,294-684-9323
767,Natala,Culleton,577-585-4867
768,Cthrine,Danett,918-400-7517
769,Charlot,Kellar,156-795-2945
770,Davidson,Loughton,735-742-6278
771,Athena,Grunnill,280-208-5496
772,Julianna,Messent,212-426-4360
773,Thayne,Kendal,434-466-9274
774,Mathian,O'Mannion,645-643-8348
775,Sibyl,Buckney,849-748-6118
776,Barrie,Agett,278-387-8491
777,Horatio,Bosence,388-835-0599
778,Raffarty,Pape,316-133-6059
779,Doretta,Smeed,563-462-2548
780,Ansell,de Amaya,641-226-7079
781,Denver,Petrik,972-282-0690
782,Sandor,Firidolfi,779-850-3762
783,Garth,Clougher,810-902-1924
784,Harry,Eick,973-680-9123
785,Agnola,Jancik,522-400-7195
786,Peri,Jancar,227-509-0029
787,Gussie,Maddick,191-372-6766
788,Pail,Fielden,608-462-4047
789,Merlina,Habbema,885-233-2533
790,Denys,Duignan,116-207-2075
791,Alfonso,Farrand,921-375-3419
792,Ardis,Ruhben,228-285-9459
793,Temple,Addlestone,441-162-4264
794,Angele,Collingdon,886-317-9570
795,Sharona,Huchot,650-305-1459
796,Vinny,Del Checolo,360-531-2571
797,Chick,Teliga,620-768-4742
798,Monique,Skase,647-894-1090
799,Che,Addicote,511-494-6646
800,Wash,Sloan,741-822-4857
801,Brandie,Caddy,201-186-9228
802,Cristina,Pedrazzi,148-484-6378
803,Marven,Bridgeman,904-457-8466
804,Isa,Eddington,479-715-2743
805,Christi,Zmitrovich,552-624-7019
806,Amaleta,Englishby,988-455-2903
807,Evelina,Thurstan,522-852-4709
808,Aloysia,Paoloni,970-349-4397
809,Abel,Ivanikov,953-511-3158
810,Justen,Ledrane,223-806-8179
811,Ron,Rucklesse,175-240-4432
812,Laurence,Maryet,224-483-6351
813,Gun,Jeafferson,402-570-4179
814,Hartwell,Scutter,229-780-0649
815,Matthiew,Besson,129-526-5420
816,Dennie,Spurryer,413-263-1540
817,Melantha,Bech,936-449-9454
818,Errick,Nestor,732-143-1755
819,Stevena,Gorelli,969-891-0910
820,Leodora,Rawle,272-407-5760
821,Ignacio,Redhills,694-467-2078
822,Linus,Van Vuuren,702-953-4791
823,Ella,Barts,866-775-4816
824,Judith,Vasilchikov,752-888-0671
825,Seumas,Trimmill,528-168-7248
826,Darnall,Denisovich,163-264-8093
827,Nydia,Fryman,188-622-5924
828,Orran,Rosendale,687-142-6529
829,Carly,Morrott,941-637-6461
830,Hayden,Kobierzycki,912-150-4955
831,Davidson,O'Carney,163-608-3834
832,Christian,Levet,504-300-7648
833,Diann,Kinton,325-347-6394
834,Bing,Lepere,737-672-6107
835,Dael,Cure,595-847-0062
836,Lissa,Tanswill,491-515-5265
837,Mirella,Cramphorn,475-496-7063
838,Dulsea,Auchterlony,653-265-9633
839,Heywood,Rathbone,146-492-1513
840,Clementina,Eke,822-725-5621
841,Glen,Mullenger,414-961-5205
842,Miguela,Grabban,520-289-1264
843,Shelton,Coppen,331-592-7751
844,Albie,Hustings,772-906-2407
845,Brooks,Huish,398-584-5431
846,Bradford,Measen,867-586-1844
847,Antonina,MacCulloch,738-150-0897
848,Horace,Mancell,311-329-5378
849,Sena,Tudhope,816-442-3596
850,Gregory,Carcass,381-635-3291
851,Jory,Feeley,847-742-0778
852,Chrissy,Joslyn,417-872-4461
853,Salvador,Bavister,576-386-0195
854,Veronike,Dumbreck,976-307-3112
855,Thedric,Hurt,542-699-8030
856,Tybie,Prattin,261-685-0143
857,Sawyer,Handlin,533-437-1788
858,Marina,M'Chirrie,503-201-2967
859,Abbe,Symonds,373-534-7557
860,Jonathan,Laviste,708-383-5912
861,Berne,Erangey,318-421-2056
862,Krystal,Tolle,178-135-8415
863,Neile,Von Der Empten,527-773-4733
864,Guthrey,Nutbrown,112-695-3975
865,Dyna,Coveny,870-975-8752
866,Brad,Darbyshire,101-961-1386
867,Cherey,Carah,255-910-3202
868,Gaby,Scadden,398-576-6123
869,Latrina,Mapstone,924-543-1313
870,Tarrance,Minero,900-678-9983
871,Tammie,Witherington,951-170-7539
872,Sheilakathryn,Askin,105-924-1540
873,Frans,Shimwell,839-154-4128
874,Andrea,Rolf,172-213-6457
875,Nancie,Haugen,951-512-8238
876,Rickie,Batcock,168-572-2276
877,Hannis,Wallenger,951-615-1510
878,Nerita,Velde,993-610-6894
879,Egan,Sweeting,399-210-5559
880,Aurel,D'eathe,904-234-4275
881,Emlen,Chillistone,617-652-0839
882,Ruthie,Emms,223-839-2299
883,Leda,Haldon,751-520-8990
884,Sharla,Crutcher,639-431-3778
885,Innis,Handrick,419-320-7540
886,Trudie,Crews,509-537-4704
887,Remington,Cardall,588-432-4279
888,Nels,May,280-745-1643
889,Rice,Pykerman,358-767-4313
890,Iver,Doxey,813-470-4086
891,Rob,Rangall,885-874-5558
892,Huey,Kunath,840-584-3926
893,Brittany,Northcliffe,870-813-5652
894,Rick,Nixon,892-192-3892
895,Sky,Goodier,267-669-7667
896,Joeann,Carnachen,766-769-3370
897,Sumner,Cluley,286-993-9212
898,Vanni,Joseland,988-175-6771
899,Ninnette,Pietesch,934-868-1452
900,Giacobo,Coote,860-524-0376
901,Cacilie,Hortop,672-912-9336
902,Sherri,Pennings,354-461-6512
903,Otho,Dreghorn,718-451-4916
904,Hobey,Beavors,303-499-1225
905,Gilles,Tyres,639-962-1576
906,Rodrigo,Dawby,169-512-8757
907,Justin,Shepperd,841-481-5298
908,Gerry,Reignard,806-859-5400
909,Erwin,Falk,728-134-1124
910,Anestassia,Bosma,132-634-6558
911,Monte,Ibbeson,927-121-1411
912,Corinne,Lusk,477-587-7214
913,Wendeline,Aucock,391-845-3013
914,Wyn,Heineking,330-256-3050
915,Delaney,Gonzalvo,786-569-1326
916,Garvin,Ferraresi,153-462-3035
917,Rhoda,Longmead,565-135-9606
918,Nita,Sabine,947-153-9351
919,Beatrix,Simmank,494-706-0247
920,Mada,Halls,344-295-0120
921,Lanette,Everson,380-869-6063
922,Naoma,Cairns,894-492-2000
923,Falkner,Matterson,945-477-4582
924,Conrad,Bisseker,723-798-7316
925,Aeriel,Winson,426-708-9234
926,Debra,Gergler,700-686-3013
927,Cherin,Wainer,808-187-1066
928,Garrett,Kellaway,776-369-3014
929,Minette,Carbonell,803-271-9126
930,Penn,Crossgrove,675-163-2775
931,Modestine,Easterling,418-910-7364
932,Shepard,Devericks,195-620-9150
933,Horace,Kachel,297-753-7265
934,Cynthia,Bentame,760-754-6365
935,Bale,Winward,893-888-8787
936,Aron,Wisdom,455-690-8195
937,Sheppard,Roseman,542-403-8043
938,Jodie,Kovelmann,108-686-2494
939,Edie,Earl,761-979-8029
940,Sawyere,Kubu,365-958-1774
941,Rosaline,McCulley,375-490-0510
942,Gretal,Ousley,285-168-9135
943,Gerri,Timlin,936-116-7881
944,Cristabel,Slimon,322-932-5708
945,Nonie,Baldung,356-932-1160
946,Mort,Eager,777-668-2097
947,Rutledge,Blackmuir,591-892-4122
948,Claudian,Hughf,955-594-5250
949,Hannah,Juggins,411-497-3395
950,Hazel,Cregan,634-635-7484
951,Daveta,Laidlaw,676-829-3051
952,Ailey,McGeachey,986-680-0455
953,Lonnie,Yakov,648-435-1058
954,Inez,Canaan,324-816-5857
955,Shandee,McLelland,560-266-9005
956,Keefe,Ratcliffe,604-497-6604
957,Reggis,Sivell,713-100-7958
958,Simon,Scawen,760-960-1445
959,Alina,O'Corren,582-805-4803
960,Shirline,Leneham,227-195-5707
961,Helene,Duignan,820-628-5844
962,Katharyn,Verheyden,942-434-9428
963,Morgen,Handling,280-160-1344
964,Karlene,Marston,793-537-8628
965,Isabelita,Longford,101-734-9055
966,Howie,Silvermann,207-886-5147
967,Ailina,Monget,120-206-3803
968,Liva,Hebbes,296-259-0752
969,Annalise,Huddle,779-836-1124
970,Fitz,Spuner,504-534-5815
971,Lorrie,Bridgwood,404-781-5609
972,Margaretha,Fontelles,280-935-3262
973,Buck,McErlaine,622-583-9816
974,Woodman,Tackle,606-570-0114
975,Fancy,Truett,827-324-9639
976,Louella,Skirvin,148-435-7520
977,Brandais,Lagen,214-858-6189
978,Wilbert,Mainstone,937-851-3792
979,Huberto,Whalebelly,595-663-4220
980,Ben,Tabb,810-890-0400
981,Katherina,Ellins,654-373-2630
982,Raffarty,Lendrem,553-446-5261
983,Kimberlyn,Leimster,814-809-7923
984,Anita,Pakenham,679-976-6048
985,Sylvia,Semken,537-603-8401
986,Averill,Thickens,204-665-8328
987,Caleb,Giblett,402-370-5422
988,Harmon,St. Ledger,516-403-7154
989,Morlee,Shanks,928-486-0926
990,Ive,Kezor,811-595-6454
991,Cecil,Wrightim,993-522-1908
992,Phillipe,Glas,256-525-7048
993,Rodrigo,Bloggett,296-778-4244
994,Gale,Gulliford,447-734-7362
995,Fergus,Bedford,372-573-8230
996,Wittie,Lynch,950-877-9346
997,Giulia,Burnie,633-381-5750
998,Freddie,Sidwick,850-471-7652
999,Loree,Peniman,295-699-3973
1000,Leonhard,Perfitt,466-551-4111
